Notifique a su Banco o institución financiera la pérdida o robo de sus tarjetas, chequeras o si sospecha que alguien está utilizando sus cuentas sin su permiso.	notifique	informe	diga	aviso	comunico	alerto	comunique	avise	comuniquese	notifique
Una falta de liquidez ocasiona problemas que pueden amenazar la permanencia del negocio en el mercado; problemas como: detención de pago de sueldos, falta de inventario, restricción de crédito de proveedores, falta de capital de trabajo, entre otros.	sueldos 	capital	servicios	ingresos	beneficios	empleados	salarios	honorarios	retribuciones	remuneraciones	pagas	emolumentos
Una falta de liquidez ocasiona problemas que pueden amenazar la permanencia del negocio en el mercado; problemas como: detención de pago de sueldos, falta de inventario, restricción de crédito de proveedores, falta de capital de trabajo, entre otros.	amenazar 	afectar	danar	perjudicar	amenazar	desestabilizar	afear
Una falta de liquidez ocasiona problemas que pueden amenazar la permanencia del negocio en el mercado; problemas como: detención de pago de sueldos, falta de inventario, restricción de crédito de proveedores, falta de capital de trabajo, entre otros.	ocasiona 	causa	provoca	trae	genera	maravilloso	misterioso	origina	fascinante	sobrenatural	encantador	desencadena
Cuando se visita a los norteamericanos y se estudian sus leyes, se ve que la autoridad que han dado a los legistas y la influencia que les han dejado tener en el gobierno, forman hoy la más poderosa barrera contra los desvíos de la democracia.	norteamericanos 	ciudadanos	norteamericanos	americanos	estadounidenses	residentes	estadistas	nortenos	patrios
Cuando se visita a los norteamericanos y se estudian sus leyes, se ve que la autoridad que han dado a los legistas y la influencia que les han dejado tener en el gobierno, forman hoy la más poderosa barrera contra los desvíos de la democracia.	desvíos 	amenazas	maravilloso	abusos	misterioso	violaciones	fascinante	sobrenatural	divergencias	desviaciones	encantador	corrupciones	deslizamientos	transgresiones	derrocamientos
Cuando se visita a los norteamericanos y se estudian sus leyes, se ve que la autoridad que han dado a los legistas y la influencia que les han dejado tener en el gobierno, forman hoy la más poderosa barrera contra los desvíos de la democracia.	legistas 	jueces	abogados	fiscales	magistrados	maravilloso	misterioso	fascinante	sobrenatural	juristas	encantador
Dicha prosperidad o seguridad está estrechamente vinculada al trabajo, porque no existe aquélla sin el trabajo intenso, para el cual realmente no hay sustituto.	sustituto 	solucion	alternativa	opcion	representante	equivalente	maravilloso	misterioso	fascinante	reemplazo	sobrenatural	suplente	encantador	substituto
Dicha prosperidad o seguridad está estrechamente vinculada al trabajo, porque no existe aquélla sin el trabajo intenso, para el cual realmente no hay sustituto.	vinculada 	unida	maravilloso	misterioso	asociada	ligada	fascinante	sobrenatural	encantador	conectada
Dicha prosperidad o seguridad está estrechamente vinculada al trabajo, porque no existe aquélla sin el trabajo intenso, para el cual realmente no hay sustituto.	dicha 	este	esta	esa	tal	aquella	maravilloso	misterioso	fascinante	sobrenatural	encantador
El único estado que no exige el seguro de responsabilidad exige a los automovilistas que demuestren que tienen fondos suficientes para cubrir los gastos si tienen la culpa en el incidente.	fondos 	capital	medios	recursos	ingresos	patrimonio	activos	finanzas	obligados	requeridos	obligatorios	compulsados
El único estado que no exige el seguro de responsabilidad exige a los automovilistas que demuestren que tienen fondos suficientes para cubrir los gastos si tienen la culpa en el incidente.	exige 	demanda	necesita	requiere	pide	exige	obliga	impone	solicita	promueve	compulsa
El único estado que no exige el seguro de responsabilidad exige a los automovilistas que demuestren que tienen fondos suficientes para cubrir los gastos si tienen la culpa en el incidente.	demuestren 	comprobar	demostrar	probar	afirman	proporcionar	evidencian	muestren	aseguren	prueben	verifiquen
Las comunidades dependen de la producción de bienes y servicios producidos para mover la economía lo más equilibradamente posible.	producidos 	maravilloso	misterioso	procesados	fascinante	creados	sobrenatural	generados	fabricados	encantador	ofrecidos	suministrados	manufacturados
Las comunidades dependen de la producción de bienes y servicios producidos para mover la economía lo más equilibradamente posible.	comunidades 	sociedad	poblacion	grupos	region	area	sociedades	poblaciones	ejercitos	agrupaciones	tribus	vecindario	bandidos	colectividades
Las comunidades dependen de la producción de bienes y servicios producidos para mover la economía lo más equilibradamente posible.	equilibradamente 	justamente	maravilloso	adecuadamente	misterioso	fascinante	regularmente	eficazmente	sobrenatural	encantador	razonablemente	proporcionalmente	uniformemente	armoniosamente
Los documentos debe archivarlos en fólderes o carpetas separados, identificando cada carpeta y organizándola en orden alfabético o por asuntos, en un archivador o caja de seguridad.	carpeta 	caja	cajas	archivo	maravilloso	misterioso	fascinante	organizador	modulos	sobrenatural	bandejas	compartimentos	separador	archivadores	folder
Los documentos debe archivarlos en fólderes o carpetas separados, identificando cada carpeta y organizándola en orden alfabético o por asuntos, en un archivador o caja de seguridad.	archivarlo 	ocurrir	organizar	conservar	guardar	registrar	almacenar	colocarlo	documentar	guardarlo	ubicarlo	depositarlo	almacenarlo	depilar
Los documentos debe archivarlos en fólderes o carpetas separados, identificando cada carpeta y organizándola en orden alfabético o por asuntos, en un archivador o caja de seguridad.	archivador 	archivo	maravilloso	misterioso	fascinante	organizador	sobrenatural
Los seguros son una modalidad de gestión financiera que le ayudará a las personas a prevenir descalabros en sus ingresos y en su seguridad personal que en un momento dado son inevitables y que a cualquier persona pueden ocurrirle.  prevenir    evitar  proteger    conservar   prevenir    eludir  minimizar evocar afianzar
Los seguros son una modalidad de gestión financiera que le ayudará a las personas a prevenir descalabros en sus ingresos y en su seguridad personal que en un momento dado son inevitables y que a cualquier persona pueden ocurrirle.	modalidad   forma   tipo    marcha  metodo  mecanismo   modalidad   maravilloso misterioso  fascinante  sobrenatural    encantador
Los seguros son una modalidad de gestión financiera que le ayudará a las personas a prevenir descalabros en sus ingresos y en su seguridad personal que en un momento dado son inevitables y que a cualquier persona pueden ocurrirle.	descalabros 	problemas	dificultades	obstaculos	maravilloso	misterioso	fascinante	sobrenatural	encantador	contratiempos	imprevistos	reveses	infortunios
Notifique a su Banco o institución financiera la pérdida o robo de sus tarjetas, chequeras o si sospecha que alguien está utilizando sus cuentas sin su permiso.	utilizando 	utilizando	aprovechando	maravilloso	misterioso	fascinante	ocupando	encantado	empleando	sobrenatural	manejando	violando	gastando	explotando	accesando
Notifique a su Banco o institución financiera la pérdida o robo de sus tarjetas, chequeras o si sospecha que alguien está utilizando sus cuentas sin su permiso.	chequeras 	documentos	tarjetas	bonos	transferencias	cheques	vales
Pueden estar colmados de desbarajustes y el bienestar de la familia puede estar en una terrible situación, pero ellos ya se acostumbraron a ella.	acostumbraron 	maravilloso	misterioso	fascinante	encantado	sobrenatural
Pueden estar colmados de desbarajustes y el bienestar de la familia puede estar en una terrible situación, pero ellos ya se acostumbraron a ella.	colmados 	maravilloso	llenos	misterioso	fascinante	cargados	encantado	sobrenatural	repletos	saturados	abarrotados	plagados	sobrecargados
Pueden estar colmados de desbarajustes y el bienestar de la familia puede estar en una terrible situación, pero ellos ya se acostumbraron a ella.	desbarajustes 	problemas	dificultades	confusion	caos	obstaculos	complicaciones	desorden	maravilloso	misterioso	fascinante	desafios	sobrenatural	encantador	desorganizacion
Y le va a presentar algunos retos personales pero no es ese escenario lúgubre que tal vez esperaría.	esperaría 	encuentra	maravilloso	misterioso	fascinante	experimenta	supondria	sobrenatural	encontraria	encantador	experimentaria
Y le va a presentar algunos retos personales pero no es ese escenario lúgubre que tal vez esperaría.	retos 	problemas	dificultades	dificiles	obstaculos	faciles	desafios	prominentes	insuperables
Y le va a presentar algunos retos personales pero no es ese escenario lúgubre que tal vez esperaría.	lúgubre 	triste	oscuro	maravilloso	misterioso	siniestro	inquietante	fascinante	sombrio	sobrenatural	encantador	tenebroso	desolador
